{"cameraMode":{"drawMode":0,"name":"Shaded","section":"Shading Mode"},"sceneLighting":false,"audioPlay":false,"sceneViewState":{"showFog":true,"showMaterialUpdate":false,"showSkybox":false,"showFlares":true,"showImageEffects":true,"showParticleSystems":true},"in2DMode":false,"pivot":{"x":0.0398256778717041,"y":0.9268091917037964,"z":-0.047635287046432498},"rotation":{"x":0.1992839127779007,"y":-0.7915895581245422,"z":0.335446834564209,"w":0.47033509612083437},"size":1.2527074813842774,"orthographic":false}