{"cameraMode":{"drawMode":0,"name":"Shaded","section":"Shading Mode"},"sceneLighting":true,"audioPlay":false,"sceneViewState":{"showFog":true,"showMaterialUpdate":false,"showSkybox":true,"showFlares":true,"showImageEffects":true,"showParticleSystems":true},"in2DMode":false,"pivot":{"x":1.931203842163086,"y":0.16695785522460938,"z":-2.841503143310547},"rotation":{"x":0.2100622057914734,"y":-0.2541121244430542,"z":0.05664878338575363,"w":0.9424320459365845},"size":20.03473663330078,"orthographic":false}